<?xml version="1.0" encoding="UTF-8"?>
<project-private xmlns="http://www.netbeans.org/ns/project-private/1">
    <editor-bookmarks xmlns="http://www.netbeans.org/ns/editor-bookmarks/2" lastBookmarkId="0"/>
    <open-files xmlns="http://www.netbeans.org/ns/projectui-open-files/2">
        <group>
            <file>file:/F:/3%20курс%20разраб%20крос%20прил/5%20лб/NetBeansProjects%205/src/NewJFrame.java</file>
            <file>file:/F:/3%20курс%20разраб%20крос%20прил/5%20лб/NetBeansProjects%205/src/CustomException.java</file>
            <file>file:/F:/3%20курс%20разраб%20крос%20прил/5%20лб/NetBeansProjects%205/src/RecIntegral.java</file>
        </group>
    </open-files>
</project-private>
